,low vol,medium vol,high vol
low vol,0.9482758620689655,0.05108556832694764,0.0006385696040868455
medium vol,0.05105296745373325,0.8966177409061902,0.05232929164007658
high vol,0.0012391573729863693,0.05018587360594796,0.9485749690210656
